{"timeExecution": [63.729241609573364, 84.9684727191925, 12.195444345474243], "experiment": "Gan", "prob": ["f", 0.024808495980604063, 0.9848335799190596], "results": {"yW": 25990, "probY": 0.024808495980604063, "nW": 15845, "probN": 0.015166420080940367, "undW": 23717, "probUnd": 0.0, "unkW": 0, "probUnk": 0.0}}