{"timeExecution": [57.23192119598389, 67.95914697647095, 6.732580184936523], "experiment": "Gan", "prob": ["f", 0.015925063337903805, 0.9906685159682024], "results": {"yW": 16523, "probY": 0.015925063337903805, "nW": 9893, "probN": 0.0093314840317976, "undW": 17671, "probUnd": 0.0, "unkW": 0, "probUnk": 0.0}}