{"experiment": "Random", "timeExecution": [83.22736287117004], "prob": ["f", 0.020654483872060828, 0.9909401914907815], "results": {"yW": 21670, "probY": 0.020654483872060828, "nW": 9552, "probN": 0.00905980850921855, "undW": 45828, "probUnd": 0.04370649995030939, "unkW": 0, "probUnk": 0.0}}