{
    "yes": {
        "total": 327680,
        "perc": "31.25",
        "prob": 0.3124998513764055
    },
    "no": {
        "total": 262144,
        "perc": "25.00",
        "prob": 0.24999967476304283
    },
    "und": {
        "total": 458752,
        "perc": "43.75",
        "prob": 0.43750047386058044
    },
    "unk": {
        "total": 0,
        "perc": "0.00",
        "prob": 0.0
    },
    "l": 0.3124998513764055,
    "u": 0.7500003252369571,
    "timeExecution": 413.805424451828,
    "worldsAnalyzed": 1048576
}