{
    "yes": {
        "total": 12970,
        "perc": "25.94",
        "prob": 0.012369319656647051
    },
    "no": {
        "total": 11214,
        "perc": "22.43",
        "prob": 0.010694538187477764
    },
    "und": {
        "total": 15200,
        "perc": "30.40",
        "prob": 0.014495979974729746
    },
    "unk": {
        "total": 0,
        "perc": "0.00",
        "prob": 0.0
    },
    "l": 0.012369319656647051,
    "u": 0.9893054618125222,
    "timeExecution": [
        37.576836585998535,
        40.35331201553345,
        5.171923637390137
    ],
    "worldsAnalyzed": 50000
}