{
    "yes": {
        "total": 15216,
        "perc": "30.43",
        "prob": 0.014511078563933973
    },
    "no": {
        "total": 12149,
        "perc": "24.30",
        "prob": 0.01158613701978816
    },
    "und": {
        "total": 21461,
        "perc": "42.92",
        "prob": 0.020466654107830804
    },
    "unk": {
        "total": 0,
        "perc": "0.00",
        "prob": 0.0
    },
    "l": 0.014511078563933973,
    "u": 0.9884138629802118,
    "timeExecution": [
        47.2228147983551
    ],
    "worldsAnalyzed": 50000
}