{
    "yes": {
        "total": 22690,
        "perc": "28.36",
        "prob": 0.02163897985067518
    },
    "no": {
        "total": 17034,
        "perc": "21.29",
        "prob": 0.016244910643148126
    },
    "und": {
        "total": 22119,
        "perc": "27.65",
        "prob": 0.021094523020858433
    },
    "unk": {
        "total": 0,
        "perc": "0.00",
        "prob": 0.0
    },
    "l": 0.02163897985067518,
    "u": 0.9837550893568519,
    "timeExecution": [
        48.10600566864014,
        57.93678426742554,
        6.612704515457153
    ],
    "worldsAnalyzed": 80000
}