{
    "yes": {
        "total": 24081,
        "perc": "30.10",
        "prob": 0.022965309400953413
    },
    "no": {
        "total": 19219,
        "perc": "24.02",
        "prob": 0.018328529094886293
    },
    "und": {
        "total": 33754,
        "perc": "42.19",
        "prob": 0.03219014210915919
    },
    "unk": {
        "total": 0,
        "perc": "0.00",
        "prob": 0.0
    },
    "l": 0.022965309400953413,
    "u": 0.9816714709051138,
    "timeExecution": [
        59.99393582344055
    ],
    "worldsAnalyzed": 80000
}