{
    "yes": {
        "total": 9216,
        "perc": "28.12",
        "prob": 0.2823434019427692
    },
    "no": {
        "total": 4096,
        "perc": "12.50",
        "prob": 0.12559216509153703
    },
    "und": {
        "total": 19456,
        "perc": "59.38",
        "prob": 0.5920644329656908
    },
    "unk": {
        "total": 0,
        "perc": "0.00",
        "prob": 0.0
    },
    "l": 0.2823434019427692,
    "u": 0.874407834908463,
    "timeExecution": 36.75865960121155,
    "worldsAnalyzed": 32768
}