{
    "yes": {
        "total": 7187,
        "perc": "14.37",
        "prob": 0.2208174623620113
    },
    "no": {
        "total": 3216,
        "perc": "6.43",
        "prob": 0.09896176301498402
    },
    "und": {
        "total": 15229,
        "perc": "30.46",
        "prob": 0.4644115503123468
    },
    "unk": {
        "total": 0,
        "perc": "0.00",
        "prob": 0.0
    },
    "l": 0.2208174623620113,
    "u": 0.901038236985016,
    "timeExecution": 37.53308415412903,
    "worldsAnalyzed": 50000
}