{
    "yes": {
        "total": 8395,
        "perc": "10.49",
        "prob": 0.2563362866480767
    },
    "no": {
        "total": 3718,
        "perc": "4.65",
        "prob": 0.11421704959254883
    },
    "und": {
        "total": 17765,
        "perc": "22.21",
        "prob": 0.5411619665881655
    },
    "unk": {
        "total": 0,
        "perc": "0.00",
        "prob": 0.0
    },
    "l": 0.2563362866480767,
    "u": 0.8857829504074511,
    "timeExecution": 40.324490547180176,
    "worldsAnalyzed": 80000
}