{
    "yes": {
        "total": 7516,
        "perc": "9.39",
        "prob": 0.23010992023973795
    },
    "no": {
        "total": 3580,
        "perc": "4.47",
        "prob": 0.10914440582586628
    },
    "und": {
        "total": 15576,
        "perc": "19.47",
        "prob": 0.47356969399370114
    },
    "unk": {
        "total": 0,
        "perc": "0.00",
        "prob": 0.0
    },
    "l": 0.23010992023973795,
    "u": 0.8908555941741337,
    "timeExecution": [
        44.780908823013306,
        26.854928255081177,
        1.566164255142212
    ],
    "worldsAnalyzed": 80000
}