{
    "yes": {
        "total": 6188,
        "perc": "12.38",
        "prob": 0.18885872756665115
    },
    "no": {
        "total": 2757,
        "perc": "5.51",
        "prob": 0.08467744832429777
    },
    "und": {
        "total": 12375,
        "perc": "24.75",
        "prob": 0.3785402933143801
    },
    "unk": {
        "total": 0,
        "perc": "0.00",
        "prob": 0.0
    },
    "l": 0.18885872756665115,
    "u": 0.9153225516757022,
    "timeExecution": [
        35.482831716537476,
        18.746325254440308,
        1.3959696292877197
    ],
    "worldsAnalyzed": 50000
}