{"yW": 2556, "nW": 2027, "undW": 2498, "unkW": 0, "prY": 0.0024476272477166345, "prN": 0.0019088852907438085, "prUnd": 0.0023734590729829756, "prUnk": 0.0, "l": 0.0024476272477166345, "u": 0.9980911147092562, "timeExecution": [50.00759935379028, 20.77847671508789, 30.00066065788269], "worldsAnalyzed": 13041}