{"experiment": "Random", "timeExecution": [99.99984216690063], "prob": ["f", 0.029730555741719917, 0.9868348463867059], "results": {"yW": 31124, "probY": 0.029730555741719917, "nW": 13856, "probN": 0.01316515361329411, "undW": 66077, "probUnd": 0.06320176836223791, "unkW": 0, "probUnk": 0.0}, "worldsAnalyzed": 117541}