{"experiment": "Random", "timeExecution": [149.9998836517334], "prob": ["f", 0.056936990718252076, 0.9747744113347251], "results": {"yW": 59602, "probY": 0.056936990718252076, "nW": 26337, "probN": 0.025225588665274867, "undW": 125562, "probUnd": 0.11943519673387286, "unkW": 0, "probUnk": 0.0}, "worldsAnalyzed": 235974}