{"yW": 30194, "nW": 13475, "undW": 64355, "unkW": 0, "prY": 0.02886594888616791, "prN": 0.012775324667512895, "prUnd": 0.06131058451694, "prUnk": 0.0, "l": 0.02886594888616791, "u": 0.9872246753324871, "timeExecution": [100.00022053718567, 22.62838339805603, 30.00032877922058], "worldsAnalyzed": 129231}