{
    "yes": {
        "total": 4864,
        "perc": "14.84",
        "prob": 0.25157262455153534
    },
    "no": {
        "total": 4096,
        "perc": "12.50",
        "prob": 0.25300659736743797
    },
    "und": {
        "total": 22784,
        "perc": "69.53",
        "prob": 0.4835243654070608
    },
    "unk": {
        "total": 1024,
        "perc": "3.12",
        "prob": 0.01189625153624018
    },
    "l": 0.25157262455153534,
    "u": 0.746993402632562,
    "timeExecution": 106.78133153915405,
    "worldsAnalyzed": 32768
}