{
    "yes": {
        "total": 1980,
        "perc": "13.20",
        "prob": 0.06215931912670928
    },
    "no": {
        "total": 2288,
        "perc": "15.25",
        "prob": 0.0691897321510961
    },
    "und": {
        "total": 8997,
        "perc": "59.98",
        "prob": 0.12633737258544972
    },
    "unk": {
        "total": 327,
        "perc": "2.18",
        "prob": 0.003379001157571431
    },
    "l": 0.06215931912670928,
    "u": 0.9308102678489039,
    "timeExecution": [
        68.04598617553711,
        49.017207860946655,
        218.4084074497223
    ],
    "worldsAnalyzed": 15000
}